{
  "rmse": 68335691.59118266,
  "mae": 68335691.59118266,
  "r2": NaN
}