{
  "rmse": 40.88211379075744,
  "mae": 33.13691100000001,
  "r2": 0.7550336905285917
}