{
  "rmse": 32.25432973228212,
  "mae": 25.654664738672082,
  "r2": 0.8475190051755473
}